Workbook

Sheet 견적서
A1: 견 적 서
A3: 견적번호 | B3: Q-ENG-AI-2026-RAG-01 | D3: 견적일자 | E3: 2026-10-21
A4: 수 신 | B4: 경영지원 IT / 사내 AI TFT 귀중 | D4: 유효기간 | E4: 견적일로부터 30일
A5: 사 업 명 | B5: 사내 엔지니어링 메타 DB 구축 및 오픈소스 AI 기반 온프레미스 RAG 시스템 개발 (RFP-ENG-AI-2026-02)
A6: 견적범위 | B6: 오픈소스 모델(SLM/LLM) 기반 하이브리드 RAG 시스템 개발 (RFP 3.2절, 4.4절 중 RAG 해당분, M6 통합·교육)
A7: 개발기간 | B7: 4개월 (착수일 기준) | D7: 투입공수 | E7: =WBS!H16 -> 28
A9: 견적금액 (VAT 별도) | C9: ='인건비 산출'!E19 -> 295000000
A11: No | B11: 구분 | C11: 내역 | E11: 금액(원) | F11: 비고
A12: 1 | B12: 인건비 | C12: ="WBS 기준 "&TEXT(WBS!H16,"0.0")&" M/M 투입 (상세: 인건비 산출 시트)" -> WBS 기준 28.0 M/M 투입 (상세: 인건비 산출 시트) | E12: ='인건비 산출'!E9 -> 330000000
A13: 2 | B13: 경비 | C13: GPU 임차, 상주·출장비 | E13: ='인건비 산출'!E14 -> 14000000
A14: 3 | B14: 조정 | C14: 사업 조정(협상 할인) | E14: ='인건비 산출'!E18 -> -49000000
A15: 4 | B15: 공급가액 | E15: ='인건비 산출'!E19 -> 295000000 | F15: VAT 별도
A16: 5 | B16: 부가세 | C16: VAT 10% | E16: ='인건비 산출'!E20 -> 29500000
A17: 6 | B17: 합계 | C17: VAT 포함 | E17: ='인건비 산출'!E21 -> 324500000
A19: ※ 특기사항
A20: 1. 오픈소스 SW(vLLM, Milvus, bge-m3, Qwen/Llama 계열 등)는 상용 사용 가능 라이선스로 라이선스 비용 없음.
A21: 2. GPU 서버·OS·MSSQL 라이선스 등 하드웨어/인프라는 발주사 별도 조달 (견적 제외).
A22: 3. 파서 개발, MSSQL 메타 DB 스키마 설계·적재, 교차검증 엔진, 파싱 예외처리 UI는 견적 범위에서 제외.
A23: 4. 무상 하자보수 6개월 포함. 옵션 항목 및 전제조건은 '옵션·조건' 시트 참조.
A24: 5. 대금 지급: 선금 30% / 중도금 30% (M2 검수 후) / 잔금 40% (최종 검수 후).
A25: 6. 단가·공수는 시장 수준 추정치이며, 비정형 문서 규모·동시 사용자 수 확인 후 확정 견적 제출 예정.
D27: 공급자: (인)

Sheet WBS
A1: 작업분해구조(WBS) 및 등급별 투입 공수 (단위: M/M)
A2: ※ 파란 글씨 = 입력값(공수 배분). 합계·등급별 소계는 수식으로 계산되어 '인건비' 시트로 연결됩니다.
A4: No | B4: 작업 | C4: 주요 내용 | D4: 특급 | E4: 고급 | F4: 중급 | G4: 초급 | H4: 합계
A5: 1 | B5: 착수·분석·설계 | C5: 요구사항 정의, RAG 아키텍처, GPU 분할(파티셔닝) 설계, Golden Set 설계 지원 | D5: 1.5 | E5: 1 | F5: 0.5 | G5: 0 | H5: =SUM(D5:G5) -> 3
A6: 2 | B6: 모델 서빙 인프라 | C6: 폐쇄망 모델·패키지 반입, vLLM 구축, AWQ 양자화, 모델 벤치마크, API 게이트웨이, 모니터링 | D6: 0.5 | E6: 2.5 | F6: 0 | G6: 0 | H6: =SUM(D6:G6) -> 3
A7: 3 | B7: 비정형 RAG | C7: 문서 수집·청킹, 임베딩·리랭커, Milvus 구축, BM25+벡터 하이브리드 검색, 권한 필터 | D7: 0.5 | E7: 3 | F7: 0 | G7: 0 | H7: =SUM(D7:G7) -> 3.5
A8: 4 | B8: Text-to-SQL | C8: 질의용 뷰·용어 사전, 예시 기반 프롬프트, 읽기 전용 SQL 검증·실행, 단위 정규화, 정확도 평가 | D8: 0.5 | E8: 3 | F8: 0.5 | G8: 0 | H8: =SUM(D8:G8) -> 4
A9: 5 | B9: 질의 처리 흐름 | C9: SQL·문서·복합 질의 라우터, 결과 통합, 답변 생성, 근거 인용 | D9: 0.5 | E9: 1.5 | F9: 0 | G9: 0 | H9: =SUM(D9:G9) -> 2
A10: 6 | B10: 가드레일 | C10: 답변 수치와 DB 값 대조, 불일치 시 차단·경고, 프롬프트 인젝션 방어, 자동 평가 | D10: 0.5 | E10: 0 | F10: 2 | G10: 0 | H10: =SUM(D10:G10) -> 2.5
A11: 7 | B11: 웹 포털 | C11: 채팅 UI, 근거·원본 링크 표시, 피드백 수집, 관리자 대시보드 | D11: 0 | E11: 0.5 | F11: 3 | G11: 0 | H11: =SUM(D11:G11) -> 3.5
A12: 8 | B12: 보안 | C12: AD/LDAP·SSO 연동, 부서·프로젝트별 RBAC, 질의 감사 로그 | D12: 0 | E12: 0 | F12: 1.5 | G12: 0 | H12: =SUM(D12:G12) -> 1.5
A13: 9 | B13: 통합 시험·튜닝 | C13: Golden Set 검수, 성능·부하 시험, 가드레일 보완 | D13: 0 | E13: 0.5 | F13: 0.5 | G13: 1 | H13: =SUM(D13:G13) -> 2
A14: 10 | B14: 교육·기술 이전 | C14: 사용자·운영자 매뉴얼, 관리자 교육, 소스 이관 | D14: 0 | E14: 0 | F14: 0 | G14: 1 | H14: =SUM(D14:G14) -> 1
A15: 11 | B15: 사업 관리(PM) | C15: 일정·품질 관리, 주간·월간 보고 | D15: 2 | E15: 0 | F15: 0 | G15: 0 | H15: =SUM(D15:G15) -> 2
A16: 합계 | D16: =SUM(D5:D15) -> 6 | E16: =SUM(E5:E15) -> 12 | F16: =SUM(F5:F15) -> 8 | G16: =SUM(G5:G15) -> 2 | H16: =SUM(H5:H15) -> 28

Sheet 인건비 산출
A1: 투입 인력 및 인건비 산출 (단위: 원, VAT 별도)
A2: ※ M/M은 WBS 시트에서 연결(초록 글씨). 월 단가(파란 글씨)는 민간 SI 시장 수준 추정치이며 제경비·이윤 포함.
A4: 등급 | B4: 역할 | C4: M/M | D4: 월 단가(원) | E4: 금액(원) | F4: 비고
A5: 특급 | B5: PM 0.5명, AI 아키텍트 1명 | C5: =WBS!D16 -> 6 | D5: 15000000 | E5: =C5*D5 -> 90000000 | F5: 경력 15년 이상
A6: 고급 | B6: 모델 서빙·MLOps, RAG, Text-to-SQL 엔지니어 각 1명 | C6: =WBS!E16 -> 12 | D6: 12500000 | E6: =C6*D6 -> 150000000 | F6: 경력 9년 이상
A7: 중급 | B7: 가드레일·평가, 백엔드, 프론트엔드 | C7: =WBS!F16 -> 8 | D7: 9500000 | E7: =C7*D7 -> 76000000 | F7: 경력 6년 이상
A8: 초급 | B8: QA·문서화 | C8: =WBS!G16 -> 2 | D8: 7000000 | E8: =C8*D8 -> 14000000 | F8: 경력 3년 이상
A9: 인건비 소계 | C9: =SUM(C5:C8) -> 28 | E9: =SUM(E5:E8) -> 330000000
A11: 구분 | B11: 경비 항목 | C11: 수량 | D11: 단가(원) | E11: 금액(원) | F11: 비고
A12: 경비 | B12: 사전 벤치마크용 GPU 서버 임차 | C12: 2 | D12: 4000000 | E12: =C12*D12 -> 8000000 | F12: 월, L40S급 / 서버 반입 전 모델 검증
A13: 경비 | B13: 상주·출장비 | C13: 4 | D13: 1500000 | E13: =C13*D13 -> 6000000 | F13: 월, 발주사 본사 상주 협의 시
A14: 경비 소계 | E14: =SUM(E12:E13) -> 14000000
A16: 구분 | B16: 항목 | E16: 금액(원) | F16: 비고
A17: 총액 | B17: 인건비 + 경비 | E17: =E9+E14 -> 344000000
A18: 조정 | B18: 사업 조정(협상 할인) | E18: -49000000 | F18: 계약 협의에 따라 조정
A19: 공급가액 | B19: 제안가 (VAT 별도) | E19: =E17+E18 -> 295000000
A20: 부가세 | B20: VAT 10% | E20: =ROUND(E19*E22,0) -> 29500000
A21: 합계 | B21: VAT 포함 | E21: =E19+E20 -> 324500000
D22: 부가세율 | E22: 0.1

Sheet 추진일정
A1: 추진 일정 (4개월)
A3: No | B3: 작업 | C3: M1 | D3: M2 | E3: M3 | F3: M4 | G3: 주요 산출물
A4: 1 | B4: 착수·분석·설계 | G4: 요구사항 정의서, 아키텍처·GPU 분할 설계서
A5: 2 | B5: 모델 서빙 인프라 | G5: 모델 서빙 API 엔드포인트
A6: 3 | B6: 비정형 RAG | G6: 하이브리드 검색 엔진
A7: 4 | B7: Text-to-SQL | G7: Text-to-SQL 모듈
A8: 5 | B8: 질의 처리 흐름 | G8: 질의 라우터·답변 생성 모듈
A9: 6 | B9: 가드레일 | G9: 가드레일 모듈, 평가 결과
A10: 7 | B10: 웹 포털 | G10: 질의응답 포털 (베타)
A11: 8 | B11: 보안 | G11: SSO·RBAC·감사 로그
A12: 9 | B12: 통합 시험·튜닝 | G12: 통합 시험 결과서
A13: 10 | B13: 교육·기술 이전 | G13: 사용자·운영자 매뉴얼, 소스 일체
A14: 11 | B14: 사업 관리(PM) | G14: 주간·월간 보고서
A16: ※ 전체 6개월 사업에 편입 시: M1에 서빙 인프라 선구축, 메타 DB 적재 완료(M4)부터 본격 개발로 조정 가능.

Sheet 옵션·조건
A1: 옵션 항목, 전제 조건, 검수 기준, GPU 구성
A3: 옵션 | B3: 내용 | C3: 고급 M/M | D3: 중급 M/M | E3: 금액(원) | F3: 비고
A4: A | B4: 70B LLM 서빙과 SLM·LLM 자동 선택 고도화 | C4: 2 | D4: 0 | E4: =C4*'인건비 산출'!$D$6+D4*'인건비 산출'!$D$7 -> 25000000 | F4: VAT 별도
A5: B | B5: 스캔 PDF OCR 인덱싱 (도면·Form PDF 포함) | C5: 1 | D5: 1.5 | E5: =C5*'인건비 산출'!$D$6+D5*'인건비 산출'!$D$7 -> 26750000 | F5: VAT 별도
A6: C | B6: 유지보수·운영 지원 (하자보수 기간 이후) | E6: 4500000 | F6: 월 단가, 또는 연 계약가의 12~15%
A8: 검수 항목 | B8: 검수 기준 (제안)
A9: Text-to-SQL | B9: Golden Set 기준 실행 정확도 90% 이상. DB 조회 수치는 수정 없이 그대로 출력 (RFP '0% 오차' 대체 기준)
A10: 비정형 검색 | B10: Recall@5 85% 이상
A11: 수치 가드레일 | B11: DB 값과 다른 수치 95% 이상 탐지 및 차단·경고
A12: 근거 표시 | B12: 모든 답변에 출처(시트·행·파일 링크) 첨부
A13: 응답 시간 | B13: 동시 사용자 50명 기준 p95 15초 이내
A15: No | B15: 전제 조건
A16: 1 | B16: 메타 DB 스키마·데이터 적재는 별도 과업으로 완료되며, 개발사에 MSSQL 읽기 전용 계정 제공
A17: 2 | B17: GPU 서버는 착수 후 2주 이내 제공 (지연 시 동일 기간 일정 연장)
A18: 3 | B18: 발주사 도메인 인력이 Golden Set(약 300문항)과 용어·단위 사전을 M2까지 제공
A19: 4 | B19: 비정형 문서는 텍스트 기반 10만 페이지 이내 (스캔 문서는 옵션 B)
A20: 5 | B20: 사내 SSO는 LDAP, SAML, OIDC 등 표준 프로토콜 지원
A21: 6 | B21: 폐쇄망 모델·패키지 반입 절차는 발주사가 1주 이내 처리
A23: GPU | B23: 권장 구성 (L40S 48GB × 2)
A24: L40S #0 | B24: 32B급 LLM, AWQ 4bit (약 20GB) + KV 캐시 → 답변 생성, Text-to-SQL
A25: L40S #1 | B25: 8B급 SLM + 임베딩·리랭커 → 질의 라우팅, 요약, 가드레일 판정, 검색
A26: 비고 | B26: 70B는 KV 캐시 여유 부족, NVLink 부재로 기본 구성 제외(옵션 A). 모델은 계약 시점 최신 오픈소스 모델 중 벤치마크로 선정
